,Unnamed: 0,imDbId,title,fullTitle,year,items,sentiment_score,neg,neu,pos,compound
0,6,tt1877830,The Batman,The Batman (2022),2022,"{'publisher': 'Slant Magazine', 'author': 'Jake Cole', 'link': '', 'rate': '75', 'content': 'The film stands apart for thoughtfully suggesting that Batman might actually one day make Gotham a better place, and not merely a safer one'}",0.51,0.061,0.791,0.148,0.5053
1,2,tt1877830,The Batman,The Batman (2022),2022,"{'publisher': 'TheWrap', 'author': 'Todd Gilchrist', 'link': 'https://www.thewrap.com/the-batman-review-robert-pattinson-zoe-kravitz/', 'rate': '88', 'content': 'With Pattinson glowering beneath his cowl, Reeves creates a Batman whose psychology is at least as interesting as his crime-fighting activities, for the first time in a long time.'}",0.59,0.0,0.879,0.121,0.5859
2,14,tt9032400,Eternals,Eternals (2021),2021,"{'publisher': 'Slashfilm', 'author': 'Hoai-Tran Bui', 'link': 'https://www.slashfilm.com/641297/eternals-review-a-wildly-ambitious-but-tonally-uneven-cosmic-epic/', 'rate': '65', 'content': ""With Eternals, Marvel turns a risky gamble into another piece of the puzzle. Its cosmic ambitions, its prevailing humanism amid a nihilistic outlook, and its gestures at maturity — the (real!) sex scene, the depth and warmth that they give to Henry's LGBTQ relationship — are not enough to make Eternals more than just another film to fit neatly in the Marvel Studios mold. But even so, Zhao brings an elegance to the film and the cast bring a vulnerability and care to their characters that leave a lingering impression, even as the last super-punch fades.""}",0.94,0.044,0.778,0.178,0.9359
3,17,tt9032400,Eternals,Eternals (2021),2021,"{'publisher': 'BBC', 'author': 'Nicholas Barber', 'link': 'https://www.bbc.com/culture/article/20211024-three-stars-for-chlo-zhaos-disappointing-eternals', 'rate': '60', 'content': ""Eternals is more serious in tone and more deliberate in its pacing than the average Marvel movie, with less of the usual banter and no cameo appearances by other superheroes. But, if you're looking for the humanity and originality of Zhao's other films, you won't find much of it here.""}",0.0,0.047,0.922,0.031,0.0009
4,41,tt11214590,House of Gucci,House of Gucci (2021),2021,"{'publisher': 'Variety', 'author': 'Owen Gleiberman', 'link': 'https://variety.com/2021/film/reviews/house-of-gucci-review-lady-gaga-adam-driver-al-pacino-jared-leto-ridley-scott-1235112936/', 'rate': '80', 'content': 'House of Gucci is an icepick docudrama that has a great deal of fun with its grand roster of ambitious scoundrels, but it’s never less than a straight-faced and nimbly accomplished movie.'}",0.89,0.0,0.735,0.265,0.891
5,49,tt11214590,House of Gucci,House of Gucci (2021),2021,"{'publisher': 'The Film Stage', 'author': 'Matt Cipolla', 'link': '', 'rate': '50', 'content': 'Despite the reasons House of Gucci doesn’t work, none are damning enough to make a bad movie. It’s forgettable, sometimes playing like the sort of cable-TV fare that displaced these tales from the silver screen over the past decade. Yet Scott’s efforts, and especially those of Johnson and Bentivegna, just don’t keep up. And what’s the point of going big if you’re not going to go for it all?'}",0.21,0.041,0.885,0.074,0.211
6,63,tt3581652,West Side Story,West Side Story (2021),2021,"{'publisher': 'Slashfilm', 'author': 'Chris Evangelista', 'link': 'https://www.slashfilm.com/674685/west-side-story-review-steven-spielbergs-big-vibrant-take-on-the-classic-musical-is-one-of-his-best-films', 'rate': '95', 'content': ""Spielberg's West Side Story is a knock-out. A dynamite blend of old-school musical showmanship and modern sensibilities. It's one of the best movies of the year, and one of the best movies of the acclaimed filmmaker's career. Yes, really.""}",0.92,0.0,0.771,0.229,0.9153
7,60,tt3581652,West Side Story,West Side Story (2021),2021,"{'publisher': 'Empire', 'author': ""Helen O'Hara"", 'link': 'https://www.empireonline.com/movies/reviews/west-side-story-2021/', 'rate': '100', 'content': 'Heartfelt and heart-breaking, this feels like Spielberg has made an adaptation faithful to its roots but also, always, alive to the modern world.'}",0.81,0.0,0.756,0.244,0.81
8,92,tt3228774,Cruella,Cruella (2021),2021,"{'publisher': 'Empire', 'author': 'Ben Travis', 'link': 'https://www.empireonline.com/movies/reviews/cruella/', 'rate': '80', 'content': 'What could have been a mere IP cash-in instead becomes an unexpectedly cinematic crime-and-couture romp, delivered with the sort of style, snarl and eccentricity that Cruella herself would likely applaud. She makes being bad look very good.'}",-0.13,0.069,0.871,0.059,-0.128
9,96,tt3228774,Cruella,Cruella (2021),2021,"{'publisher': 'Entertainment Weekly', 'author': 'Leah Greenblatt', 'link': 'https://ew.com/movies/movie-reviews/cruella-movie-review/', 'rate': '67', 'content': 'Cruella comes off as a curious animal, eager to change its spots and trying a little bit of everything along the way.'}",0.77,0.0,0.787,0.213,0.765
10,104,tt6264654,Free Guy,Free Guy (2021),2021,"{'publisher': 'IGN', 'author': 'Kristy Puchko', 'link': '', 'rate': '70', 'content': 'Free Guy delivers a first hour that is outrageously entertaining, stuffed with gonzo action, goofy gags, star power, big ideas, and plenty of Easter Eggs for lovers of movies and video games. However, in its second half, the joyful journey is derailed by a slog of a side quest, falling short of the potential set-up.'}",0.85,0.083,0.736,0.181,0.8519
11,108,tt6264654,Free Guy,Free Guy (2021),2021,"{'publisher': 'IndieWire', 'author': 'David Ehrlich', 'link': 'https://www.indiewire.com/2021/08/free-guy-review-1234655686/', 'rate': '50', 'content': 'Free Guy is nothing if not a movie that wins you over in spite of your better judgment and best defenses, but its “be the change you wish to see in the world” energy feels like a micro-transactional smokescreen for a corporate monoculture that only values creativity so far as it can be used to fool us into paying for things we already own.'}",0.94,0.088,0.645,0.267,0.9371
12,112,tt12801262,Luca,Luca (2021),2021,"{'publisher': 'IndieWire', 'author': 'David Ehrlich', 'link': 'https://www.indiewire.com/2021/06/luca-review-pixar-disney-plus-1234644627/', 'rate': '83', 'content': 'It may not be the best Pixar movie, or the riskiest — it sure as hell isn’t the most ambitious — but Luca is also one of the precious few that feels like it isn’t afraid to be something else.'}",0.75,0.112,0.685,0.203,0.7516
13,113,tt12801262,Luca,Luca (2021),2021,"{'publisher': 'Arizona Republic', 'author': 'Bill Goodykoontz', 'link': 'https://www.azcentral.com/story/entertainment/movies/billgoodykoontz/2021/06/16/pixar-luca-streaming-disney-animated-film/7672452002/', 'rate': '80', 'content': 'If this is a story told more broadly than what we’ve seen from Pixar the past few films, so be it. It may not be a masterpiece, but its message is one that can’t be expressed enough. Luca expresses it in a gorgeous, fun way.'}",0.87,0.035,0.805,0.16,0.869
14,128,tt2953050,Encanto,Encanto (2021),2021,"{'publisher': 'The Globe and Mail (Toronto)', 'author': 'Aparita Bhandari', 'link': 'https://www.theglobeandmail.com/arts/film/reviews/article-disneys-latest-lin-manuel-miranda-partnership-encanto-is-more/', 'rate': '50', 'content': 'Encanto ends up being overwrought rather than enchanting.'}",0.0,0.0,1.0,0.0,0.0
15,120,tt2953050,Encanto,Encanto (2021),2021,"{'publisher': 'IGN', 'author': '', 'link': '', 'rate': '90', 'content': 'Encanto is a vibrant, visual delight that’s just as magical as the family at its center.'}",0.81,0.0,0.751,0.249,0.8074
16,136,tt12536294,Spencer,Spencer (2021),2021,"{'publisher': 'The Film Stage', 'author': 'David Katz', 'link': '', 'rate': '75', 'content': 'This is a film that will potentially delight, challenge, and force its wide target audience to take seriously on its own terms. A dream ballet of a dying star.'}",0.67,0.04,0.793,0.168,0.6705
17,130,tt12536294,Spencer,Spencer (2021),2021,"{'publisher': 'The Guardian', 'author': 'Xan Brooks', 'link': 'https://www.theguardian.com/film/2021/sep/03/spencer-review-princess-diana-kristen-stewart', 'rate': '100', 'content': 'Kristen Stewart proves entirely compelling in the title role. She gives an awkward and mannered performance as Diana, and this is entirely as it should be when one considers that Diana gave an awkward and mannered performance herself, garnishing her inbred posh hauteur with studied coquettish asides.'}",-0.0,0.053,0.911,0.036,-0.0018
18,148,tt12789558,Belfast,Belfast (2021),2021,"{'publisher': 'Slant Magazine', 'author': 'Mark Hanson', 'link': '', 'rate': '63', 'content': ""Kenneth Branagh's film understands the malleability of memory, and it embodies cinema’s ability to offer a kind of escapism, but up until its climax it plays like a retreat from reality.""}",0.82,0.0,0.789,0.211,0.8225
19,146,tt12789558,Belfast,Belfast (2021),2021,"{'publisher': 'Entertainment Weekly', 'author': 'Leah Greenblatt', 'link': 'https://ew.com/movies/movie-reviews/belfast-review-kenneth-branagh-telluride/', 'rate': '67', 'content': ""Branagh's genuine affection and nostalgia for his subject suffuse the movie; if only the misty romanticism of his story could match it.""}",0.86,0.0,0.761,0.239,0.8555
20,171,tt3480822,Black Widow,Black Widow (2021),2021,"{'publisher': 'The Guardian', 'author': 'Peter Bradshaw', 'link': 'https://www.theguardian.com/film/2021/jun/29/black-widow-review-scarlett-johansson-the-russian-super-spy-with-an-electra-complex?CMP=twt_a-culture_b-gdnculture', 'rate': '80', 'content': 'For fans of Black Widow and everyone else, this episode is great fun and Harbour could well ascend to spinoff greatness of his own.'}",0.86,0.0,0.771,0.229,0.8591
21,178,tt3480822,Black Widow,Black Widow (2021),2021,"{'publisher': 'Slashfilm', 'author': 'Hoai-Tran Bui', 'link': 'https://www.slashfilm.com/581985/black-widow-review/', 'rate': '60', 'content': 'Black Widow is at its best when it’s a wacky family drama between Natasha, Yelena, Alexei, and Melina, with dashes of a spy thriller. But Marvel films can’t content themselves with staying small, and Black Widow falls victim to the big bombast characteristic of the studio. The result is a disappointing solo movie that ends up burying Natasha Romanoff once again.'}",-0.12,0.09,0.813,0.097,-0.1154
22,197,tt8097030,Turning Red,Turning Red (2022),2022,"{'publisher': 'Empire', 'author': 'Ben Travis', 'link': 'https://www.empireonline.com/movies/reviews/turning-red/', 'rate': '80', 'content': 'A daring, distinctive and downright delightful debut from Domee Shi, and a welcome change of pace from Pixar. Turning Red is, appropriately, its own beast — and one that’s easy to love.'}",0.9,0.0,0.747,0.253,0.9042
23,196,tt8097030,Turning Red,Turning Red (2022),2022,"{'publisher': 'The Globe and Mail (Toronto)', 'author': 'Barry Hertz', 'link': 'https://www.theglobeandmail.com/arts/film/reviews/article-turning-red-is-top-tier-pixar-no-matter-your-love-or-hate-for-toronto/', 'rate': '90', 'content': 'This is an energetic, heartfelt, poignant and often delightfully subversive story of one young girl’s path into adulthood, and embrace of her cultural heritage.'}",0.89,0.04,0.698,0.262,0.8885
24,203,tt11196036,The Card Counter,The Card Counter (2021),2021,"{'publisher': 'The Hollywood Reporter', 'author': 'David Rooney', 'link': 'https://www.hollywoodreporter.com/movies/movie-reviews/oscar-isaac-in-paul-schraders-the-card-counter-1235005154/', 'rate': '80', 'content': 'A companion piece of sorts to First Reformed, this is another bruising character study of a solitary, burdened man who processes his most intimate thoughts in a journal, living with his guilt until he’s handed an unexpected opportunity for redemption.'}",-0.25,0.088,0.861,0.051,-0.25
25,207,tt11196036,The Card Counter,The Card Counter (2021),2021,"{'publisher': 'Slashfilm', 'author': 'Chris Evangelista', 'link': 'https://www.slashfilm.com/593684/the-card-counter-review-paul-schraders-anti-revenge-film-features-a-strong-oscar-isaac-performance/', 'rate': '75', 'content': ""The element that keeps The Card Counter truly alive is Isaac, who turns in one of the best performances of his career here, using his eyes to convey things dialogue never could. To watch him work here is something special, even if the movie as a whole can't ever quite match his intensity.""}",0.91,0.0,0.824,0.176,0.9081
26,214,tt9357050,Dear Evan Hansen,Dear Evan Hansen (2021),2021,"{'publisher': 'Variety', 'author': 'Peter Debruge', 'link': 'https://variety.com/2021/film/reviews/dear-evan-hansen-review-1235059668/', 'rate': '50', 'content': 'Dever is the best thing about this adaptation, which feels slightly less creepy in the lied-about-knowing-your-brother-to-worm-my-way-into-your-heart department, if only because Dever’s so good at balancing Zoe’s strength and vulnerability that the situation doesn’t read as a nearly 30-year-old creep manipulating a minor.'}",0.83,0.073,0.743,0.184,0.829
27,212,tt9357050,Dear Evan Hansen,Dear Evan Hansen (2021),2021,"{'publisher': 'The Hollywood Reporter', 'author': 'Michael Rechtshaffen', 'link': 'https://www.hollywoodreporter.com/movies/movie-reviews/dear-evan-hansen-tiff-2021-1235009433/', 'rate': '60', 'content': 'A weakness for the formulaic, combined with a noticeably weighty running time, continually bumps up against the film’s many fine points.'}",-0.25,0.081,0.867,0.052,-0.25
28,235,tt5433138,F9: The Fast Saga,F9: The Fast Saga (2021),2021,"{'publisher': 'IndieWire', 'author': 'David Ehrlich', 'link': 'https://www.indiewire.com/2021/05/fast-9-review-1234638051/', 'rate': '58', 'content': 'This is a movie that sling-shots so far past self-parody that it loops all the way back to something real.'}",0.0,0.0,1.0,0.0,0.0
29,237,tt5433138,F9: The Fast Saga,F9: The Fast Saga (2021),2021,"{'publisher': 'Variety', 'author': 'Owen Gleiberman', 'link': 'https://variety.com/2021/film/reviews/f9-review-vin-diesel-john-cena-1234974952/', 'rate': '50', 'content': 'Considering that F9 is Lin’s fifth “F and F” film and his first one in eight years, it goes through the motions with more energy than intoxication.'}",0.34,0.0,0.938,0.062,0.3384
30,256,tt0870154,Jungle Cruise,Jungle Cruise (2021),2021,"{'publisher': 'Movie Nation', 'author': 'Roger Moore', 'link': 'https://rogersmovienation.com/2021/07/27/movie-review-jungle-cruise-loses-its-way/', 'rate': '50', 'content': 'It’s a film that wants to be a little of this, a lot of that and funny in the bargain. You want to like it so much that you can sense Disney getting a new franchise out of it, even if it doesn’t quite come off. But if they do sequels, they’d bloody well better hire somebody who knows comedy to film them.'}",0.85,0.047,0.757,0.195,0.8462
31,258,tt0870154,Jungle Cruise,Jungle Cruise (2021),2021,"{'publisher': 'Paste Magazine', 'author': 'Jacob Oller', 'link': 'https://www.pastemagazine.com/movies/jungle-cruise-review/', 'rate': '43', 'content': 'Director Jaume Collet-Serra and his fully crewed vessel of writers never sink all the way to the bottom, but the very best they accomplish is keeping their heads above water.'}",0.91,0.0,0.791,0.209,0.9069
32,276,tt1160419,Dune,Dune (2021),2021,"{'publisher': 'Entertainment Weekly', 'author': 'Leah Greenblatt', 'link': 'https://ew.com/movies/movie-reviews/dune-movie-review/', 'rate': '75', 'content': ""The sheer awesomeness of Villeneuve's execution — there might not be another film this year, or ever, that turns one character asking another for a glass of water into a kind of walloping psychedelic performance art — often obscures the fact that the plot is mostly prologue: a sprawling origin story with no fixed beginning or end.""}",0.15,0.033,0.924,0.042,0.1531
33,273,tt1160419,Dune,Dune (2021),2021,"{'publisher': 'Slashfilm', 'author': 'Marshall Shaffer', 'link': 'https://www.slashfilm.com/595162/dune-review-denis-villeneuve-delivers-on-sensational-and-spiritual-spectacle-venice-2021/', 'rate': '90', 'content': ""Audiences deserve to see the conclusion of an action film so immaculately crafted and patiently paced, one that's more focused on inspiring reverent amazement through the simplicity of durable storytelling structures rather than the complexity of cinematic universe building.""}",0.86,0.0,0.829,0.171,0.8576
34,289,tt7097896,Venom: Let There Be Carnage,Venom: Let There Be Carnage (2021),2021,"{'publisher': 'The Globe and Mail (Toronto)', 'author': 'Barry Hertz', 'link': 'https://www.theglobeandmail.com/arts/film/reviews/article-god-awful-venom-let-there-be-carnage-asks-why-cant-all-superhero/', 'rate': '32', 'content': 'Hardy’s use-it-or-lose-it charm very nearly drowns out the dreadfulness all around him, but ultimately it’s not enough to sustain life. And given that the actor has a “story by” credit here, he deserves more blame than praise.'}",-0.48,0.143,0.768,0.09,-0.4817
35,280,tt7097896,Venom: Let There Be Carnage,Venom: Let There Be Carnage (2021),2021,"{'publisher': 'TheWrap', 'author': 'William Bibbiani', 'link': 'https://www.thewrap.com/venom-let-there-be-carnage-film-review-tom-hardy-woody-harrelson-sequel/', 'rate': '85', 'content': 'Venom: Let There Be Carnage is a bold and brisk superhero story, unlike any other mainstream Hollywood film in the genre. It crams a heck of a lot of movie into an hour and a half, but it doesn’t feel like it needed to be longer. It just feels like we need more movies like it.'}",0.9,0.0,0.816,0.184,0.8968
36,296,tt6823368,Glass,Glass (2019),2019,"{'publisher': 'TheWrap', 'author': 'Monica Castillo', 'link': 'https://www.thewrap.com/glass-film-review-bruce-willis-samuel-l-jackson/', 'rate': '40', 'content': 'Performances aside, Glass is a pretty mixed bag of exposition-filled dull moments and pedantic dialogue.'}",0.13,0.097,0.789,0.115,0.128
37,299,tt6823368,Glass,Glass (2019),2019,"{'publisher': 'ScreenCrush', 'author': 'Matt Singer', 'link': 'https://screencrush.com/glass-movie-review/', 'rate': '30', 'content': 'Given the visual and intellectual sophistication in the superhero movies Hollywood now churns out at a regular clip, Glass just doesn’t cut it.'}",0.3,0.059,0.847,0.093,0.296
38,306,tt4154664,Captain Marvel,Captain Marvel (2019),2019,"{'publisher': 'The Guardian', 'author': 'Peter Bradshaw', 'link': 'https://www.theguardian.com/film/2019/mar/05/captain-marvel-review-brie-larson-samuel-l-jackson', 'rate': '60', 'content': 'I wanted a clearer, more central story for Captain Marvel’s emergence on to the stage, and in subsequent films – if she isn’t simply to get lost in the ensemble mix – there should more of Larson’s own wit and style and, indeed, plausible mastery of martial arts. In any case, Captain Marvel is an entertaining new part of the saga.'}",0.53,0.031,0.892,0.077,0.5267
39,303,tt4154664,Captain Marvel,Captain Marvel (2019),2019,"{'publisher': 'Total Film', 'author': 'Matt Maytum', 'link': 'https://www.gamesradar.com/captain-marvel-review/', 'rate': '80', 'content': 'A satisfying standalone launch for Marvel’s latest superhero combines sci-fi action with ’90s nostalgia. Overcoming minor stumbles, it ultimately soars.'}",0.46,0.0,0.909,0.091,0.4588
40,312,tt6857112,Us,Us (2019),2019,"{'publisher': 'Film Threat', 'author': '', 'link': '', 'rate': '90', 'content': 'Us is a bit predictable and contains a few jumbled auditory edits. However, these small missteps are in the service of an ambitious story that has a lot to say about what divides us as humans and how those divisions hurt everyone. Peele’s direction contains a tight grasp on horror and comedy, balancing both perfectly. His game cast shines brightly in their dual roles, and the ending makes the whole endeavor well worth your time.'}",0.8,0.074,0.757,0.169,0.802
41,319,tt6857112,Us,Us (2019),2019,"{'publisher': 'Consequence', 'author': 'Dan Caffrey', 'link': 'https://consequence.net/2019/03/film-review-us/', 'rate': '67', 'content': 'Exciting? Sure. Unique? Without a doubt. But it’s hard to not feel frustrated by a script that never seems to figure out what it’s trying to say.'}",0.68,0.04,0.778,0.182,0.6837
42,323,tt6146586,John Wick: Chapter 3 - Parabellum,John Wick: Chapter 3 - Parabellum (2019),2019,"{'publisher': 'IndieWire', 'author': 'David Ehrlich', 'link': 'https://www.indiewire.com/2019/05/john-wick-chapter-3-parabellum-review-keanu-reeves-1202139580/', 'rate': '75', 'content': 'Giddy, exhausting, and breathtakingly violent.'}",-0.36,0.152,0.848,0.0,-0.3612
43,324,tt6146586,John Wick: Chapter 3 - Parabellum,John Wick: Chapter 3 - Parabellum (2019),2019,"{'publisher': 'The Film Stage', 'author': 'Jordan Raup', 'link': '', 'rate': '75', 'content': 'It’s his commitment to the physicality required that signifies a mythic status to both the henchman who have the honor of fighting him and those watching the spectacle on display.'}",0.51,0.054,0.821,0.125,0.5106
44,342,tt7653254,Marriage Story,Marriage Story (2019),2019,"{'publisher': 'Variety', 'author': 'Owen Gleiberman', 'link': 'https://variety.com/2019/film/reviews/marriage-story-review-adam-driver-scarlett-johansson-1203317834/', 'rate': '100', 'content': 'At once funny, scalding, and stirring, built around two bravura performances of incredible sharpness and humanity, it’s the work of a major film artist, one who shows that he can capture life in all its emotional detail and complexity — and, in the process, make a piercing statement about how our society now works.'}",0.54,0.0,0.929,0.071,0.5423
45,340,tt7653254,Marriage Story,Marriage Story (2019),2019,"{'publisher': 'The Telegraph', 'author': 'Robbie Collin', 'link': 'https://www.telegraph.co.uk/films/0/marriage-story-review-scarlett-johansson-adam-driver-splits-screwball-kramer/', 'rate': '100', 'content': 'Marriage Story may often resemble a tug of war between its stars, but it’s on both of their sides.'}",-0.35,0.08,0.92,0.0,-0.3506
46,352,tt5697572,Cats,Cats (2019),2019,"{'publisher': 'Slashfilm', 'author': 'Hoai-Tran Bui', 'link': 'https://www.slashfilm.com/571223/cats-review/', 'rate': '50', 'content': 'Its premise is ridiculous, its entire appeal based on the novelty of having a bunch of Lycra-clad strangers thrust their hips at you in the dark. Hooper creates something just as bizarre with his Cats, though not as successfully electrifying. Its flashes of brilliance feel like happy accidents and its uncanny technical choices are never overcome.'}",0.54,0.123,0.722,0.155,0.538
47,358,tt5697572,Cats,Cats (2019),2019,"{'publisher': 'The Guardian', 'author': 'Peter Bradshaw', 'link': 'https://www.theguardian.com/film/2019/dec/19/cats-review-tom-hooper-judi-dench-idris-elba-taylor-swift?CMP=share_btn_tw', 'rate': '20', 'content': 'It’s warbling warbling warbling piffle.'}",0.0,0.0,1.0,0.0,0.0
48,377,tt3794354,Sonic the Hedgehog,Sonic the Hedgehog (2020),2020,"{'publisher': 'Movie Nation', 'author': 'Roger Moore', 'link': 'https://rogersmovienation.com/2020/02/13/movie-review-sonic-the-hedgehog-how-bad-can-it-be/', 'rate': '38', 'content': 'The end product isn’t remotely as bad as one might fear.'}",-0.54,0.143,0.857,0.0,-0.5423
49,379,tt3794354,Sonic the Hedgehog,Sonic the Hedgehog (2020),2020,"{'publisher': 'The A.V. Club', 'author': 'A.A. Dowd', 'link': 'https://www.avclub.com/no-digital-makeover-or-smaller-teeth-can-fix-everythi-1841654287?rev=1581573584904', 'rate': '33', 'content': 'A nattering chore of a “family” comedy that feels written by committee and directed by indifferent machine.'}",0.18,0.059,0.858,0.083,0.1779
50,392,tt6723592,Tenet,Tenet (2020),2020,"{'publisher': 'Empire', 'author': 'Alex Godfrey', 'link': 'https://www.empireonline.com/movies/reviews/tenet/', 'rate': '80', 'content': 'Once again seizing control of the medium, Nolan attempts to alter the fabric of reality, or at least blow the roof off the multiplexes. Big, bold, baffling and bonkers.'}",0.38,0.0,0.936,0.064,0.3818
51,398,tt6723592,Tenet,Tenet (2020),2020,"{'publisher': 'IndieWire', 'author': 'Mike McCahill', 'link': 'https://www.indiewire.com/2020/08/tenet-review-1234581454/', 'rate': '42', 'content': 'What kind of picture is it? Big, certainly: IMAX-scaled, and a hefty 150 minutes even after a visibly ruthless edit. It’s clever, too — yes, the palindromic title has some narrative correlation — albeit in an exhausting, rather joyless way. As second comings go, Tenet is like witnessing a Sermon on the Mount preached by a savior who speaks exclusively in dour, drawn-out riddles. Any awe is flattened by follow-up questions.'}",0.56,0.07,0.806,0.124,0.5574
52,400,tt7846844,Enola Holmes,Enola Holmes (2020),2020,"{'publisher': 'The Playlist', 'author': 'Rodrigo Perez', 'link': 'https://theplaylist.net/enola-holmes-millie-bobby-brown-review-20200908/', 'rate': '83', 'content': 'While Enola Holmes empowering feminist message might feel a little on the nose at times, the film, is nevertheless, a witty and endearing little bauble with terrific elan.'}",0.43,0.0,0.927,0.073,0.4284
53,405,tt7846844,Enola Holmes,Enola Holmes (2020),2020,"{'publisher': 'Observer', 'author': '', 'link': 'https://observer.com/2020/09/enola-holmes-film-review-netflix-millie-bobby-brown-new-franchise/', 'rate': '63', 'content': 'Enola Holmes isn’t a revolution or revelation that is going to forever alter the course of cinema, but it is enough of a charming and cheerful change to give Netflix a new franchise.'}",0.9,0.0,0.788,0.212,0.899
54,423,tt1070874,The Trial of the Chicago 7,The Trial of the Chicago 7 (2020),2020,"{'publisher': 'IndieWire', 'author': 'Eric Kohn', 'link': 'https://www.indiewire.com/2020/09/the-trial-of-the-chicago-7-review-sorkin-1234588606/', 'rate': '75', 'content': 'The Trial of the Chicago 7 is exactly as advertised — a giant, giddy burst of earnest theatricality, loaded with a formidable ensemble that chews on every inch of the scenery, that overall makes a passionate case for the resilience of its formula more than using it as an excuse.'}",0.73,0.027,0.862,0.111,0.7269
55,429,tt1070874,The Trial of the Chicago 7,The Trial of the Chicago 7 (2020),2020,"{'publisher': 'The Guardian', 'author': 'Peter Bradshaw', 'link': 'https://www.theguardian.com/film/2020/sep/25/the-trial-of-the-chicago-7-review-aaron-sorkin-sacha-baron-cohen', 'rate': '40', 'content': 'He [Sorkin] can also become fantastically ponderous, bloated with finger-waggingly self-important liberal patriotism. Sadly, that is the tone with this exasperatingly dull, dramatically inert and faintly misjudged re-creation of the “Chicago Seven” trial in the US, which Sorkin has written and directed.'}",-0.67,0.097,0.903,0.0,-0.6705
56,433,tt9686708,The King of Staten Island,The King of Staten Island (2020),2020,"{'publisher': 'San Francisco Chronicle', 'author': 'Mick LaSalle', 'link': 'https://datebook.sfchronicle.com/movies-tv/review-the-king-of-staten-island-shows-judd-apatow-at-his-best', 'rate': '75', 'content': 'Davidson’s appeal is essential to the movie’s success. If you know him only from “Saturday Night Live,” you’ll be surprised by him here. On “SNL,” he can be zany and annoying. Here he has a very particular quality that seems to be coming from a place of past pain. He has equanimity. Without making a fuss about it, he’s attentive to other people’s feelings. He just seems like a decent, thoughtful young guy, someone that you’d like to see come into his own.'}",0.74,0.058,0.814,0.128,0.7351
57,439,tt9686708,The King of Staten Island,The King of Staten Island (2020),2020,"{'publisher': 'The A.V. Club', 'author': 'Ignatiy Vishnevetsky', 'link': 'https://www.avclub.com/judd-apatow-fashions-a-low-laugh-star-vehicle-for-pete-1843887065', 'rate': '50', 'content': 'Apatow appears to have moved on from using airless domestic and urban comforts as backdrops, and that’s probably a good thing. But The King Of Staten Island’s patience-testing failings, however well-intentioned, suggest that for now, he’s only found a new way to lose the plot.'}",-0.7,0.125,0.811,0.064,-0.705
58,456,tt2948372,Soul,Soul (2020),2020,"{'publisher': 'The Film Stage', 'author': 'David Katz', 'link': '', 'rate': '91', 'content': 'Soul likes jazz very much. That’s a rare certainty in this ambitious film, which attempts to contemplate nothing less than the root of all human experience on this planet.'}",0.78,0.0,0.824,0.176,0.7845
59,451,tt2948372,Soul,Soul (2020),2020,"{'publisher': 'Screen Daily', 'author': 'Wendy Ide', 'link': 'https://www.screendaily.com/reviews/soul-london-review/5153932.article', 'rate': '100', 'content': 'Visually glorious, frequently very funny and genuinely profound, this is a picture which cries out to be seen on the big screen.'}",0.69,0.069,0.742,0.189,0.6901
60,475,tt1979376,Toy Story 4,Toy Story 4 (2019),2019,"{'publisher': 'IndieWire', 'author': 'David Ehrlich', 'link': 'https://www.indiewire.com/2019/06/toy-story-4-review-pixar-forky-1202149689/', 'rate': '83', 'content': 'To talk about Toy Story 4 is to talk about Forky. This is a movie that doesn’t initially appear to have any compelling reason to exist — the forced but satisfying third installment of Pixar’s signature franchise seemed to wrap things up when it came out almost a full decade ago — and yet Forky alone is enough to elevate this potential cash-grab into the beautiful and hilarious coda that its long-running series needed to be truly complete. Forky is the hero we need in 2019.'}",0.97,0.041,0.75,0.209,0.9666
61,478,tt1979376,Toy Story 4,Toy Story 4 (2019),2019,"{'publisher': 'ScreenCrush', 'author': 'Matt Singer', 'link': 'https://screencrush.com/toy-story-4-review/', 'rate': '70', 'content': 'In my mind, there’s no question Toy Story 4 is the weakest movie in the series. But it’s also the riskiest and the most pleasantly unpredictable.'}",-0.11,0.164,0.728,0.108,-0.1054
62,481,tt8079248,Yesterday,Yesterday (2019),2019,"{'publisher': 'The Telegraph', 'author': 'Robbie Collin', 'link': 'https://www.telegraph.co.uk/films/0/yesterday-review-danny-boyle-richard-curtis-beatles-make-surprisingly/', 'rate': '80', 'content': 'The film has lots of fun with its premise – until America beckons, then suddenly it seems to lose its head of steam. ... Yet it rallies in style for a beautifully judged and surprisingly moving finale.'}",0.76,0.05,0.779,0.171,0.7579
63,482,tt8079248,Yesterday,Yesterday (2019),2019,"{'publisher': 'The Guardian', 'author': 'Peter Bradshaw', 'link': 'https://www.theguardian.com/film/2019/may/05/yesterday-review-the-beatles-richard-curtis-danny-boyle-himesh-patel', 'rate': '80', 'content': 'Although this film can be a bit hokey and uncertain on narrative development, the puppyish zest and fun summoned up by Curtis and Boyle carry it along.'}",0.27,0.054,0.864,0.081,0.2732
64,504,tt7131622,Once Upon a Time... In Hollywood,Once Upon a Time... In Hollywood (2019),2019,"{'publisher': 'Screen Daily', 'author': 'Fionnuala Halligan', 'link': 'https://www.screendaily.com/reviews/once-upon-a-time--in-hollywood-cannes-review/5139676.article', 'rate': '90', 'content': 'Once Upon A Time….in Hollywood is beautifully made. Beyond all the ‘Tarantino-esque’ touches of the action, the banter, the violence, the constant movie references, there’s a real craft at play here.'}",0.25,0.087,0.784,0.129,0.25
65,502,tt7131622,Once Upon a Time... In Hollywood,Once Upon a Time... In Hollywood (2019),2019,"{'publisher': 'CineVue', 'author': 'John Bleasdale', 'link': 'https://cine-vue.com/2019/05/cannes-2019-once-upon-a-time-in-hollywood-review.html', 'rate': '100', 'content': 'Once Upon a Time in Hollywood is bold, beautiful and brutal. It’s Tarantino’s best film since Kill Bill, perhaps even since Pulp Fiction.'}",0.23,0.189,0.581,0.23,0.2263
66,514,tt1302006,The Irishman,The Irishman (2019),2019,"{'publisher': 'TheWrap', 'author': 'Alonso Duralde', 'link': '', 'rate': '95', 'content': 'This is a movie that’s rife with characters, with incidents, with ideas, with history, and as such, it will benefit from multiple viewings. But even after the first watch, The Irishman hits hard, and it’s a reminder that nearly 30 years after “GoodFellas,” Martin Scorsese still has fascinating mob tales to tell, and fascinating ways to tell them.'}",0.9,0.021,0.826,0.153,0.8979
67,528,tt1302006,The Irishman,The Irishman (2019),2019,"{'publisher': 'The Guardian', 'author': 'Benjamin Lee', 'link': 'https://www.theguardian.com/film/2019/sep/28/the-irishman-review-scorsese-netflix-de-niro?', 'rate': '80', 'content': 'There’s an almost meta-maturity, as if Scorsese is also looking back on his own career, the film leaving us with a haunting reminder not to glamorise violent men and the wreckage they leave behind.'}",-0.03,0.109,0.826,0.065,-0.0299
68,513,tt1302006,The Irishman,The Irishman (2019),2019,"{'publisher': 'IndieWire', 'author': 'Eric Kohn', 'link': 'https://www.indiewire.com/2019/09/the-irishman-review-martin-scorsese-robert-de-niro-1202177149/', 'rate': '100', 'content': 'The Irishman is alive with Scorsese’s trademark style.'}",0.38,0.0,0.867,0.133,0.3818
69,537,tt8404614,The Two Popes,The Two Popes (2019),2019,"{'publisher': 'New York Post', 'author': 'Sara Stewart', 'link': 'https://nypost.com/2019/11/25/the-two-popes-review-a-standout-papal-buddy-dramedy/', 'rate': '63', 'content': 'If nothing else, the mere sight of two popes drinking brews and watching a soccer game together is one of the more surreal things you’ll see at the movies this year.'}",0.0,0.0,1.0,0.0,0.0
70,539,tt8404614,The Two Popes,The Two Popes (2019),2019,"{'publisher': 'Film Threat', 'author': 'Alex Saveliev', 'link': '', 'rate': '50', 'content': 'The two actors are bound to be showered with awards, as is the production design, the polished script, etc. But there’s no intrigue, no real substance beneath all the gloss.'}",-0.56,0.123,0.833,0.044,-0.5574
71,540,tt4648786,Harriet,Harriet (2019),2019,"{'publisher': 'The Guardian', 'author': 'Peter Bradshaw', 'link': 'https://www.theguardian.com/film/2019/sep/11/harriet-review-toronto-film-festival', 'rate': '80', 'content': 'The result falls somewhere between a slave-escape drama, an action thriller, a western and even an unexpected kind of superhero film. It’s a winning combination, although Lemmons does not immerse us in the agony and injustice of slavery as such; she puts together a well-crafted movie that is the showcase for an excellent performance from Erivo.'}",-0.59,0.147,0.742,0.111,-0.5859
72,549,tt4648786,Harriet,Harriet (2019),2019,"{'publisher': 'TheWrap', 'author': 'Monica Castillo', 'link': 'https://www.thewrap.com/harriet-film-review-cynthia-erivo-tubman-kasi-lemmons/', 'rate': '40', 'content': 'A disappointingly standard biopic, one whose technical flaws and paint-by-numbers clichés threaten to overshadow its subject’s compelling story.'}",-0.56,0.17,0.772,0.059,-0.5574
73,556,tt1825683,Black Panther,Black Panther (2018),2018,"{'publisher': 'The Guardian', 'author': 'Peter Bradshaw', 'link': 'https://www.theguardian.com/film/2018/feb/06/black-panther-review-marvel-wakanda-chadwick-boseman', 'rate': '80', 'content': 'The intriguing thing about Black Panther is that it doesn’t look like a superhero film – more a wide-eyed fantasy romance: exciting, subversive and funny.'}",0.83,0.047,0.717,0.236,0.8255
74,554,tt1825683,Black Panther,Black Panther (2018),2018,"{'publisher': 'TheWrap', 'author': 'Alonso Duralde', 'link': 'https://www.thewrap.com/black-panther-film-review-mcu/', 'rate': '88', 'content': 'When Black Panther works, it’s thrillingly alive, whether it’s the dazzling colors of the vivid costumes by Ruth E. Carter (“Selma”)...or the eclectic and vibrant music choices.'}",0.84,0.0,0.791,0.209,0.8402
75,564,tt3846674,To All the Boys I've Loved Before,To All the Boys I've Loved Before (2018),2018,"{'publisher': 'New York Magazine (Vulture)', 'author': 'Emily Yoshida', 'link': 'https://www.vulture.com/2018/08/to-all-the-boys-ive-loved-before-review.html', 'rate': '70', 'content': 'Condor is a ready-made star, and Centineo rises to meet her, the adoring, throaty lunk any introverted teen dreams of coming around and melting away her shyness. Theirs is a teenage romance I can believe in, despite its ridiculously convoluted circumstances.'}",0.86,0.038,0.764,0.198,0.8637
76,561,tt3846674,To All the Boys I've Loved Before,To All the Boys I've Loved Before (2018),2018,"{'publisher': 'IndieWire', 'author': 'Kate Erbland', 'link': 'https://www.indiewire.com/2018/08/to-all-the-boys-ive-loved-before-review-netflix-jenny-han-adaptation-1201993744/', 'rate': '75', 'content': 'Every beat of the film might be obvious, but that doesn’t detract from the enjoyability of watching an indelible young heroine like Lara Jean figure out her own life and just maybe fall in love in the process.'}",0.94,0.0,0.761,0.239,0.9442
77,574,tt1677720,Ready Player One,Ready Player One (2018),2018,"{'publisher': 'The Playlist', 'author': 'Jordan Ruimy', 'link': 'https://theplaylist.net/ready-player-one-review-spielberg-20180312/', 'rate': '75', 'content': 'Dazzling in form and a chase film at its heart, Ready Player One is exhilarating, but it also can’t sit still. Fitting to the content perhaps, the movie still arguably suffers from troublesome A.D.D. with its hyper fast cutting and its tendency to wander narratively.'}",-0.88,0.196,0.749,0.055,-0.882
78,579,tt1677720,Ready Player One,Ready Player One (2018),2018,"{'publisher': 'ScreenCrush', 'author': 'Britt Hayes', 'link': 'https://screencrush.com/ready-player-one-review/', 'rate': '30', 'content': 'With Steven Spielberg behind the camera, Ernest Cline’s book had potential to transcend its source material. It’s disheartening that the finished product is little more than the cinematic equivalent of a pop culture mashup tee, which takes cherished icons of film and coats them in garish CGI while clumsily smashing them against one another like a child playing with action figures.'}",0.59,0.037,0.862,0.101,0.5859
79,584,tt6644200,A Quiet Place,A Quiet Place (2018),2018,"{'publisher': 'IGN', 'author': '', 'link': '', 'rate': '82', 'content': 'It\'ll probably remind you of Jurassic Park mixed with Cloverfield, plus a dash of Aliens and a pinch of Buffy\'s ""Hush,"" but between its unique approach and gleeful desire to shock you, you can\'t really be mad at it.'}",0.2,0.138,0.712,0.151,0.198
80,582,tt6644200,A Quiet Place,A Quiet Place (2018),2018,"{'publisher': 'The Verge', 'author': '', 'link': 'https://www.theverge.com/2018/3/11/17106102/a-quiet-place-film-review-john-krasinski-emily-blunt-sxsw-2018', 'rate': '85', 'content': 'The film hits all the necessary beats for a straightforward horror film in an eerie post-apocalyptic setting. But it’s more effective as a portrait of four people who have constructed a deceptively peaceful life under the constant, inescapable threat of death.'}",0.29,0.144,0.71,0.147,0.2936
81,596,tt3778644,Solo: A Star Wars Story,Solo: A Star Wars Story (2018),2018,"{'publisher': 'The Hollywood Reporter', 'author': 'Michael Rechtshaffen', 'link': 'https://www.hollywoodreporter.com/movies/movie-reviews/solo-a-star-wars-story-review-1111495/', 'rate': '70', 'content': 'Despite the intermittent lags, the production proves to be more than a salvage operation thanks mainly to those engagingly choreographed performances, led by an irresistibly charismatic title turn from Alden Ehrenreich who ultimately claims Solo as his own even if he doesn’t entirely manage to convince us he’s Harrison Ford.'}",0.83,0.0,0.854,0.146,0.8305
82,590,tt3778644,Solo: A Star Wars Story,Solo: A Star Wars Story (2018),2018,"{'publisher': 'Consequence', 'author': 'Michael Roffman', 'link': 'https://consequence.net/2018/05/film-review-solo-a-star-wars-story/', 'rate': '91', 'content': 'Whether we follow Han Solo through hyperspace for more adventures is up to Disney, but what we got here is enough to keep us coming back again and again...That’s the best kind of Star Wars movie.'}",0.41,0.088,0.774,0.138,0.4111
83,602,tt8707922,Can You Keep a Secret?,Can You Keep a Secret? (2019),2019,"{'publisher': 'Los Angeles Times', 'author': 'Kimber Myers', 'link': 'https://www.latimes.com/entertainment-arts/movies/story/2019-09-12/depraved-weekend-can-you-keep-a-secret-scarborough-seeds-review', 'rate': '30', 'content': 'Director Elise Duran brings a background in reality TV to this sub-par rom-com, but there’s little of the real world here.'}",0.0,0.0,1.0,0.0,0.0
84,612,tt2066051,Rocketman,Rocketman (2019),2019,"{'publisher': 'Screen Daily', 'author': 'Tim Grierson', 'link': 'https://www.screendaily.com/reviews/rocketman-cannes-review/5139550.article', 'rate': '60', 'content': 'Rocketman is so energetic that it’s possible to be swept away by its enthusiasm for putting Reg on a pedestal. Too often, though, the film just flattens you, demanding fealty to Sir Elton.'}",0.69,0.039,0.824,0.137,0.6948
85,604,tt2066051,Rocketman,Rocketman (2019),2019,"{'publisher': 'The Telegraph', 'author': 'Robbie Collin', 'link': 'https://www.telegraph.co.uk/films/0/rocketman-review-elton-john-story-heart-racing-toe-tapping-all/', 'rate': '100', 'content': 'Not only does Egerton have Elton’s look and mannerisms down to an uncanny degree, he also musters up enough of his subject’s signature showmanship to give a performance that’s joyously at peace with its own preposterousness.'}",0.81,0.0,0.856,0.144,0.8126
86,616,tt5503686,Hustlers,Hustlers (2019),2019,"{'publisher': 'IGN', 'author': 'Joi Childs', 'link': '', 'rate': '90', 'content': 'With a nuanced script, standout performances, and the adrenaline of a well-executed heist, Hustlers is an entertaining ride with something meaningful to say about power and control.'}",0.64,0.0,0.864,0.136,0.6369
87,620,tt5503686,Hustlers,Hustlers (2019),2019,"{'publisher': 'Variety', 'author': 'Peter Debruge', 'link': 'https://variety.com/2019/film/reviews/hustlers-review-jennifer-lopez-1203324866/', 'rate': '80', 'content': 'Flashy, fleshy and all-around impossible to ignore, Hustlers amounts to nothing less than a cultural moment, inspired by an outrageous New York Magazine profile (which serves as the sturdy six-inch stilettos on which the movie stands) adapted by writer-director Lorene Scafaria at her most Scorsese, and starring Jennifer Lopez like you’re never seen her before.'}",0.05,0.077,0.843,0.08,0.0516
88,626,tt7286456,Joker,Joker (2019),2019,"{'publisher': 'Time Out', 'author': 'Phil de Semlyen', 'link': '', 'rate': '100', 'content': 'Joaquin Phoenix is devastating as the villain-in-the-making in this incendiary tale of psychological escape and psychopathy.'}",-0.56,0.134,0.812,0.053,-0.5574
89,633,tt7286456,Joker,Joker (2019),2019,"{'publisher': 'RogerEbert.com', 'author': 'Glenn Kenny', 'link': 'https://www.rogerebert.com/reviews/joker-movie-review-2019', 'rate': '50', 'content': 'As social commentary, Joker is pernicious garbage. But besides the wacky pleasures of Phoenix’s performance, it also displays some major movie studio core competencies, in a not dissimilar way to what “A Star Is Born” presented last year.'}",0.62,0.0,0.898,0.102,0.6249
90,648,tt5463162,Deadpool 2,Deadpool 2 (2018),2018,"{'publisher': 'IndieWire', 'author': 'Kate Erbland', 'link': 'https://www.indiewire.com/2018/05/deadpool-2-review-ryan-reynolds-sequel-1201963107/', 'rate': '75', 'content': 'Like so many franchise-starting first films, “Deadpool” had to push through some necessary evils to get to the good stuff, fortunately, all that subversive goodness is on wild display in Deadpool 2, which delivers on the promise of the first film (and more).'}",0.62,0.088,0.742,0.169,0.6249
91,649,tt5463162,Deadpool 2,Deadpool 2 (2018),2018,"{'publisher': 'Chicago Tribune', 'author': 'Michael Phillips', 'link': 'https://www.chicagotribune.com/entertainment/movies/sc-mov-deadpool-2-rev-0514-story.html', 'rate': '75', 'content': 'Deadpool 2 is just like “Deadpool” only more so. It’s actually a fair bit better — funnier, more inventive than the 2016 smash...and more consistent in its chosen tone and style: ultraviolent screwball comedy.'}",0.86,0.025,0.757,0.218,0.8578
92,655,tt3281548,Little Women,Little Women (2019),2019,"{'publisher': 'TheWrap', 'author': 'Alonso Duralde', 'link': '', 'rate': '100', 'content': 'In an era in which sentimentality is a seasoning that filmmakers either shun entirely or employ with too heavy a hand, Gerwig crafts a work about love and family and devotion and empathy that is moving without being manipulative. This is a Little Women for the ages.'}",0.91,0.0,0.795,0.205,0.9118
93,663,tt3281548,Little Women,Little Women (2019),2019,"{'publisher': 'Slant Magazine', 'author': '', 'link': '', 'rate': '63', 'content': 'Individual scenes are set to the rhythm of the young women’s conversations, which at times approach Gilmore Girls-level warp speed.'}",0.0,0.0,1.0,0.0,0.0
94,678,tt6791096,I Feel Pretty,I Feel Pretty (2018),2018,"{'publisher': 'The Seattle Times', 'author': 'Moira Macdonald', 'link': '', 'rate': '50', 'content': 'The sweet-natured rom-com I Feel Pretty has a well-meaning message, but it gets lost in the telling.'}",-0.21,0.098,0.832,0.07,-0.2144
95,679,tt6791096,I Feel Pretty,I Feel Pretty (2018),2018,"{'publisher': 'Chicago Tribune', 'author': 'Michael Phillips', 'link': 'https://www.chicagotribune.com/entertainment/movies/sc-mov-i-feel-pretty-rev-0417-story.html', 'rate': '50', 'content': 'It’s just not funny or fresh enough, and that has everything to do with the material and how it’s handled visually, and nothing to do with the people on the screen.'}",-0.52,0.098,0.902,0.0,-0.5216
96,691,tt1856101,Blade Runner 2049,Blade Runner 2049 (2017),2017,"{'publisher': 'TheWrap', 'author': 'Alonso Duralde', 'link': '', 'rate': '85', 'content': 'Blade Runner 2049 isn’t about what happens; it’s about what this terrifying and beautiful world — how could it not be, with Roger Deakins behind the camera — tells us about life and perception and reality.'}",-0.12,0.087,0.835,0.078,-0.1217
97,689,tt1856101,Blade Runner 2049,Blade Runner 2049 (2017),2017,"{'publisher': 'ScreenCrush', 'author': 'Matt Singer', 'link': 'https://screencrush.com/blade-runner-2049-review/', 'rate': '90', 'content': 'Ford’s memorable performance is just one of the many ways Blade Runner 2049 surpasses the original film. Its clever and compelling storyline is another. And then of course there are Deakins’ incredible images.'}",0.74,0.0,0.847,0.153,0.7351
98,704,tt5726616,Call Me by Your Name,Call Me by Your Name (2017),2017,"{'publisher': 'The Guardian', 'author': 'Jordan Hoffman', 'link': 'https://www.theguardian.com/film/2017/jan/23/call-me-by-your-name-review-italian-romance', 'rate': '100', 'content': 'Call Me By Your Name is a masterful work because of the specificity of its details.'}",0.0,0.0,1.0,0.0,0.0
99,709,tt5726616,Call Me by Your Name,Call Me by Your Name (2017),2017,"{'publisher': 'Consequence', 'author': 'Dominick Suzanne-Mayer', 'link': 'https://consequence.net/2017/11/film-review-call-me-by-your-name/', 'rate': '100', 'content': 'It’s a transcendent love story, and a work of overwhelming empathy.'}",0.64,0.0,0.811,0.189,0.6369
100,721,tt5013056,Dunkirk,Dunkirk (2017),2017,"{'publisher': 'TheWrap', 'author': 'Alonso Duralde', 'link': 'https://www.thewrap.com/dunkirk-review-christopher-nolan-tom-hardy-harry-styles/', 'rate': '97', 'content': 'Nolan has crafted a film that’s sensational in every sense of the word; it aims for both the heart and the head, to be sure, but arrives there via the central nervous system.'}",-0.25,0.06,0.903,0.037,-0.25
101,715,tt5013056,Dunkirk,Dunkirk (2017),2017,"{'publisher': 'IndieWire', 'author': 'David Ehrlich', 'link': 'https://www.indiewire.com/2017/07/dunkirk-review-christopher-nolan-harry-styles-tom-hardy-imax-70mm-1201855825/', 'rate': '100', 'content': 'Few movies have so palpably conveyed the sheer isolation of fear, and the extent to which history is often made by people who are just trying to survive it — few movies have so vividly illustrated that one man can only do as much for his country as a country can do for one of its men.'}",-0.71,0.086,0.914,0.0,-0.7096
102,729,tt3501632,Thor: Ragnarok,Thor: Ragnarok (2017),2017,"{'publisher': 'IGN', 'author': 'Jim Vejvoda', 'link': '', 'rate': '77', 'content': 'A goofy, kitschy- but- fun romp and the most purely entertaining of the three Thor movies, marked by its distinctive designs, ‘80s synth score, and assemblage of spirited characters. It’s carried by the excellent chemistry between Thor, Hulk, and Valkyrie, who give humanity to a visual effects-heavy spectacle that finally makes good on Thor’s title of God of Thunder.'}",0.98,0.0,0.724,0.276,0.9768
103,731,tt3501632,Thor: Ragnarok,Thor: Ragnarok (2017),2017,"{'publisher': 'Entertainment Weekly', 'author': 'Chris Nashawaty', 'link': 'https://ew.com/movies/2017/10/19/thor-ragnarok-review/', 'rate': '75', 'content': 'Ragnarok is basically a Joke Delivery System — and on that score, it works. The movie is fun.'}",0.61,0.0,0.833,0.167,0.6124
104,743,tt3890160,Baby Driver,Baby Driver (2017),2017,"{'publisher': 'We Got This Covered', 'author': 'Matt Donato', 'link': 'https://wegotthiscovered.com/movies/baby-driver-review-sxsw-2017/', 'rate': '70', 'content': ""Baby Driver proves why we should never doubt Edgar Wright's vision, because few filmmakers can back their ambition with such quality thrills.""}",0.48,0.0,0.889,0.111,0.4784
105,736,tt3890160,Baby Driver,Baby Driver (2017),2017,"{'publisher': 'IndieWire', 'author': 'Eric Kohn', 'link': 'https://www.indiewire.com/2017/03/baby-driver-review-edgar-wright-ansel-elgort-jon-hamm-sxsw-2017-1201792735/', 'rate': '91', 'content': 'The director’s most ambitious work to date is a wildly successful romantic heist comedy, propelled from scene to scene with a lively soundtrack that elevates its slick chase scenes into a realm of musicality that develops its own satisfying beat.'}",0.95,0.0,0.691,0.309,0.9538
106,754,tt0974015,Justice League,Justice League (2017),2017,"{'publisher': 'IGN', 'author': 'Jim Vejvoda', 'link': '', 'rate': '70', 'content': 'It’s messy and flawed but it still offers enough entertainment value (mostly thanks to its likable characters) to make it worthwhile.'}",0.87,0.044,0.685,0.27,0.872
107,762,tt0974015,Justice League,Justice League (2017),2017,"{'publisher': 'The Hollywood Reporter', 'author': 'Todd McCarthy', 'link': 'https://www.hollywoodreporter.com/movies/movie-reviews/justice-league-review-1057114/', 'rate': '30', 'content': ""Garishly unattractive to look at and lacking the spirit that made Wonder Woman, which came out five months ago, the most engaging of Warner Bros.' DC Comics-derived extravaganzas to date, this hodgepodge throws a bunch of superheroes into a mix that neither congeals nor particularly makes you want to see more of them in future. Plainly put, it's simply not fun.""}",0.26,0.038,0.883,0.079,0.2632
108,765,tt1485796,The Greatest Showman,The Greatest Showman (2017),2017,"{'publisher': 'Entertainment Weekly', 'author': 'Leah Greenblatt', 'link': 'https://ew.com/movies/2017/12/20/the-greatest-showman-review/?xid=entertainment-weekly_socialflow_twitter', 'rate': '75', 'content': 'The movie never quite stops feeling like Moulin Rouge! written in extra-large block font, or Broadway projected straight onto a big screen, which certainly isn’t bad news if that’s exactly what you love.'}",0.43,0.146,0.639,0.216,0.4292
109,767,tt1485796,The Greatest Showman,The Greatest Showman (2017),2017,"{'publisher': 'Movie Nation', 'author': 'Roger Moore', 'link': 'https://rogersmovienation.com/2017/12/20/movie-review-hugh-jackman-is-the-greatest-showman/', 'rate': '63', 'content': 'The Greatest Showman is, like the singing, dancing, versatile actor who stars in it, larger than life. And if this is the only screen musical we can get out of the last of his peak performing years, it’ll do.'}",0.77,0.0,0.878,0.122,0.7717
110,783,tt1959563,The Hitman's Bodyguard,The Hitman's Bodyguard (2017),2017,"{'publisher': 'Slant Magazine', 'author': 'Derek Smith', 'link': '', 'rate': '38', 'content': ""Because it so consistently fails to meld its comic sensibilities and love stories with its generic action premise into a seamless whole, The Hitman's Bodyguard sometimes just appears to be parodying the sort of mess it ends up being.""}",-0.17,0.105,0.82,0.075,-0.1708
111,774,tt1959563,The Hitman's Bodyguard,The Hitman's Bodyguard (2017),2017,"{'publisher': 'Variety', 'author': 'Peter Debruge', 'link': 'https://variety.com/2017/film/reviews/the-hitmans-bodyguard-review-1202523070/', 'rate': '70', 'content': 'A delightfully ridiculous screwball action comedy.'}",0.25,0.181,0.637,0.181,0.25
112,792,tt4649466,Kingsman: The Golden Circle,Kingsman: The Golden Circle (2017),2017,"{'publisher': 'Screen Daily', 'author': 'Tim Grierson', 'link': 'https://www.screendaily.com/reviews/kingsman-the-golden-circle-review/5122417.article', 'rate': '40', 'content': 'As kinetic as its predecessor — and just as belaboured — Kingsman: The Golden Circle serves up another batch of hyper-stylised action, irreverent humour and sharp threads, resulting in a film that’s not nearly as cool as it thinks it is.'}",0.28,0.038,0.903,0.06,0.2819
113,786,tt4649466,Kingsman: The Golden Circle,Kingsman: The Golden Circle (2017),2017,"{'publisher': 'The Hollywood Reporter', 'author': 'Todd McCarthy', 'link': 'https://www.hollywoodreporter.com/movies/movie-reviews/kingsman-golden-circle-review-1039813/', 'rate': '70', 'content': 'This fleet-footed, glibly imaginative international romp stays on its toes and keeps its wits about it most of the time, with entertaining and pointedly U.S.-friendly cast additions.'}",0.44,0.0,0.929,0.071,0.4404
114,795,tt0451279,Wonder Woman,Wonder Woman (2017),2017,"{'publisher': 'Entertainment Weekly', 'author': 'Chris Nashawaty', 'link': 'https://ew.com/movies/2017/05/30/wonder-woman-ew-review/', 'rate': '91', 'content': 'Wonder Woman is smart, slick, and satisfying in all of the ways superhero films ought to be. How deliciously ironic that in a genre where the boys seem to have all the fun, a female hero and a female director are the ones to show the fellas how it’s done.'}",0.95,0.021,0.72,0.258,0.9501
115,796,tt0451279,Wonder Woman,Wonder Woman (2017),2017,"{'publisher': 'TheWrap', 'author': 'Alonso Duralde', 'link': '', 'rate': '90', 'content': 'In the recent flood of superhero movies, several have managed to be quite good — but Wonder Woman ranks as one of the few great ones.'}",0.83,0.0,0.81,0.19,0.8292
116,804,tt2283362,Jumanji: Welcome to the Jungle,Jumanji: Welcome to the Jungle (2017),2017,"{'publisher': 'Screen Daily', 'author': 'Kim Newman', 'link': 'https://www.screendaily.com/reviews/jumanji-welcome-to-the-jungle-review/5124879.article', 'rate': '80', 'content': 'It’s an entertaining, engaging, colourful picture in its own right with decently-handled action-adventure set-pieces and sly comedy, detouring from the expected thrills and spills into body-hopping comedy drama.'}",0.9,0.0,0.726,0.274,0.8957
117,811,tt2283362,Jumanji: Welcome to the Jungle,Jumanji: Welcome to the Jungle (2017),2017,"{'publisher': 'Entertainment Weekly', 'author': 'Chris Nashawaty', 'link': 'https://ew.com/movies/2017/12/08/jumanji-welcome-to-the-jungle-review/', 'rate': '50', 'content': 'Welcome to the Jungle isn’t a bad movie. It’s a diverting, mildly amusing, competent bit of big-budget studio product. And maybe those are the stakes we’re now playing for these days.'}",0.79,0.07,0.68,0.25,0.7906
118,822,tt3896198,Guardians of the Galaxy Vol. 2,Guardians of the Galaxy Vol. 2 (2017),2017,"{'publisher': 'The Guardian', 'author': 'Peter Bradshaw', 'link': 'https://www.theguardian.com/film/2017/apr/24/guardians-of-the-galaxy-vol-2-film-review-chris-pratt-baby-groot-vin-diesel', 'rate': '60', 'content': 'It’s fun, though GOTG2 doesn’t have the same sense of weird urgency and point that the first film had. They’re still guarding, although the galaxy never seems in much danger.'}",0.38,0.039,0.886,0.075,0.3818
119,823,tt3896198,Guardians of the Galaxy Vol. 2,Guardians of the Galaxy Vol. 2 (2017),2017,"{'publisher': 'The Hollywood Reporter', 'author': 'Todd McCarthy', 'link': 'https://www.hollywoodreporter.com/movies/movie-reviews/guardians-galaxy-vol-2-review-996282/', 'rate': '60', 'content': 'Guardians of the Galaxy Vol. 2 plays like a second ride on a roller-coaster that was a real kick the first time around but feels very been-there/done-that now.'}",0.31,0.0,0.913,0.087,0.3071
120,824,tt3315342,Logan,Logan (2017),2017,"{'publisher': 'The Hollywood Reporter', 'author': 'Sheri Linden', 'link': 'https://www.hollywoodreporter.com/movies/movie-reviews/logan-review-970227/', 'rate': '80', 'content': 'Seamlessly melding Marvel mythology with Western mythology, James Mangold has crafted an affectingly stripped-down stand-alone feature, one that draws its strength from Hugh Jackman’s nuanced turn as a reluctant, all but dissipated hero.'}",0.36,0.032,0.882,0.086,0.3612
121,833,tt3315342,Logan,Logan (2017),2017,"{'publisher': 'Time', 'author': 'Stephanie Zacharek', 'link': 'https://time.com/4671852/logan-movie-review/', 'rate': '40', 'content': 'The picture is mostly tedious and unpleasant, which is a shame for the sake of the performers. Jackman works hard here, and his performance does away with vanity altogether.'}",-0.82,0.218,0.782,0.0,-0.8176
122,842,tt1790809,Pirates of the Caribbean: Dead Men Tell No Tales,Pirates of the Caribbean: Dead Men Tell No Tales (2017),2017,"{'publisher': 'The Hollywood Reporter', 'author': 'John DeFore', 'link': 'https://www.hollywoodreporter.com/movies/movie-reviews/pirates-caribbean-dead-men-tell-no-tales-1005884/', 'rate': '40', 'content': ""Scodelario, of the Maze Runner films and Andrea Arnold's Wuthering Heights, is just about the only member of the cast who seems to believe she's expected to be more than a thin generic functionary or flamboyant scene-stealer.""}",0.0,0.0,1.0,0.0,0.0
123,841,tt1790809,Pirates of the Caribbean: Dead Men Tell No Tales,Pirates of the Caribbean: Dead Men Tell No Tales (2017),2017,"{'publisher': 'Time Out London', 'author': '', 'link': '', 'rate': '40', 'content': 'Unfortunately for everyone, Captain Jack Sparrow is still slurring and staggering around the Caribbean. Whatever charm and charisma Johnny Depp once had in this role is well and truly lost at sea.'}",0.46,0.093,0.754,0.153,0.4588
124,861,tt1469304,Baywatch,Baywatch (2017),2017,"{'publisher': 'The Guardian', 'author': '', 'link': 'https://www.theguardian.com/film/2017/may/23/baywatch-review-david-hasselhoff-dwayne-johnson-zac-efron', 'rate': '20', 'content': 'By about halfway in, the gags dry up and the story sinks like an overweight tourist who took a dip too early after the all-you-can-eat surf ’n’ turf buffet.'}",0.0,0.061,0.878,0.061,0.0
125,863,tt1469304,Baywatch,Baywatch (2017),2017,"{'publisher': 'Total Film', 'author': 'Matthew Leyland', 'link': 'https://www.gamesradar.com/baywatch-review/', 'rate': '20', 'content': 'Unfunny, unthrilling and unsexy, this doesn’t even reach the low bar set by the source material.'}",-0.25,0.074,0.887,0.039,-0.25
126,873,tt4925292,Lady Bird,Lady Bird (2017),2017,"{'publisher': 'The Playlist', 'author': 'Gregory Ellwood', 'link': 'https://theplaylist.net/lady-bird-laurie-metcalf-moment-greta-gerwigs-solo-directorial-debut-telluride-20170904/', 'rate': '75', 'content': 'There are two things that make this movie stand apart: Metcalf and Gerwig.'}",0.0,0.0,1.0,0.0,0.0
127,869,tt4925292,Lady Bird,Lady Bird (2017),2017,"{'publisher': 'The Hollywood Reporter', 'author': 'Todd McCarthy', 'link': 'https://www.hollywoodreporter.com/movies/movie-reviews/lady-bird-review-1035669/', 'rate': '90', 'content': ""The film abounds with pinpoint insights into its mildly rebellious heroine's hunger to shed the restraints of home and Catholic school and bust into an independent life, and does so with a wealth of keenly observed detail.""}",0.31,0.078,0.82,0.102,0.3134
128,881,tt2380307,Coco,Coco (2017),2017,"{'publisher': 'New York Magazine (Vulture)', 'author': 'Emily Yoshida', 'link': 'https://www.vulture.com/2017/11/coco-review.html', 'rate': '70', 'content': 'One of the films best visual treats are its alebrijes, the colorful fantastical creatures from Mexican folk art, rendered here as electrically colored lizards and gryphons that seem to pop off the screen even without the aid of 3-D.'}",0.8,0.0,0.874,0.126,0.802
129,874,tt2380307,Coco,Coco (2017),2017,"{'publisher': 'The Hollywood Reporter', 'author': 'Michael Rechtshaffen', 'link': 'https://www.hollywoodreporter.com/movies/movie-reviews/coco-review-1050825/', 'rate': '100', 'content': 'At every imaginative juncture, the filmmakers (the screenplay is credited to Pixar veteran Molina and Matthew Aldrich) create a richly woven tapestry of comprehensively researched storytelling, fully dimensional characters, clever touches both tender and amusingly macabre, and vivid, beautifully textured visuals.'}",0.94,0.0,0.739,0.261,0.9356
130,888,tt3371366,Transformers: The Last Knight,Transformers: The Last Knight (2017),2017,"{'publisher': 'Vox', 'author': 'Emily VanDerWerff', 'link': 'https://www.vox.com/culture/2017/6/20/15840856/transformers-the-last-knight-review-transformers-5', 'rate': '40', 'content': 'There’s fun to be had in The Last Knight, if you can find it among the chaos — and if you can remember it after the fact.'}",-0.1,0.09,0.829,0.08,-0.1027
131,893,tt3371366,Transformers: The Last Knight,Transformers: The Last Knight (2017),2017,"{'publisher': 'Slant Magazine', 'author': 'Jake Cole', 'link': '', 'rate': '12', 'content': ""The sensory overload of Michael Bay's hyperkinetic cinema is such that it eradicates any actual sense of place.""}",-0.36,0.082,0.918,0.0,-0.3612
132,899,tt4116284,The Lego Batman Movie,The Lego Batman Movie (2017),2017,"{'publisher': 'Total Film', 'author': 'Neil Smith', 'link': 'https://www.gamesradar.com/the-lego-batman-movie-review/', 'rate': '80', 'content': 'An entertaining, if frenetic, vehicle for Arnett’s Bale-inspired Bats that packs plenty of laughs.'}",0.44,0.0,0.892,0.108,0.4404
133,900,tt4116284,The Lego Batman Movie,The Lego Batman Movie (2017),2017,"{'publisher': 'We Got This Covered', 'author': 'Matt Donato', 'link': 'https://wegotthiscovered.com/movies/the-lego-batman-movie-review/', 'rate': '70', 'content': 'When it counts, The LEGO Batman Movie delivers everything you’d want from such a farcical superhero creation.'}",0.08,0.0,0.956,0.044,0.0772
134,911,tt3731562,Kong: Skull Island,Kong: Skull Island (2017),2017,"{'publisher': 'Empire', 'author': '', 'link': 'https://www.empireonline.com/movies/reviews/kong-skull-island-review/', 'rate': '60', 'content': 'King Kong lives! But only just. This is an uneven adventure that’s saved by the spectacle of its towering title character and the various beasts with whom he shares his island home.'}",0.87,0.0,0.796,0.204,0.8671
135,908,tt3731562,Kong: Skull Island,Kong: Skull Island (2017),2017,"{'publisher': 'TheWrap', 'author': 'Alonso Duralde', 'link': 'https://www.thewrap.com/kong-skull-island-review-brie-larson-tom-hiddleston-samuel-l-jackson/', 'rate': '65', 'content': 'It lacks neither fun nor polish, but it has the square tidiness of a compartmentalized fast-food meal.'}",-0.21,0.069,0.931,0.0,-0.2146
136,915,tt1293847,xXx: Return of Xander Cage,xXx: Return of Xander Cage (2017),2017,"{'publisher': 'Chicago Tribune', 'author': 'Katie Walsh', 'link': 'https://www.chicagotribune.com/entertainment/movies/sc-xxx-xander-mov-rev-0119-20170119-story.html', 'rate': '63', 'content': 'Pure spectacle has since been subsumed into narrative filmmaking, but the cinema of attractions is always present, especially in modern action movies, and there may be no greater current example of this than xXx: The Return of Xander Cage.'}",0.63,0.049,0.828,0.122,0.631
137,919,tt1293847,xXx: Return of Xander Cage,xXx: Return of Xander Cage (2017),2017,"{'publisher': 'Total Film', 'author': '', 'link': 'https://www.gamesradar.com/movies-to-watch-20-january-2017/', 'rate': '40', 'content': 'Somewhat impressively, it’s even stupider than this outlandish synopsis sounds, with action that makes the F&F movies look grounded, “hip” dialogue that induces spasms of embarrassment and a shockingly casual disregard for human life.'}",-0.69,0.197,0.716,0.087,-0.6901
138,930,tt3183660,Fantastic Beasts and Where to Find Them,Fantastic Beasts and Where to Find Them (2016),2016,"{'publisher': 'Variety', 'author': 'Peter Debruge', 'link': 'https://variety.com/2016/film/reviews/fantastic-beasts-and-where-to-find-them-review-harry-potter-1201916885/', 'rate': '70', 'content': 'Maintaining Yates as director lends a consistency to the project, and yet, it would have been refreshing to get a completely new take on Rowling’s world with this series, especially considering how murky and self-serious they got in the final chapters. Still, Yates knows this world as well as anyone, and he excels at finding visual solutions for challenging ideas.'}",0.78,0.0,0.878,0.122,0.7845
139,933,tt3183660,Fantastic Beasts and Where to Find Them,Fantastic Beasts and Where to Find Them (2016),2016,"{'publisher': 'ScreenCrush', 'author': 'E. Oliver Whitney', 'link': 'https://screencrush.com/fantastic-beasts-and-where-to-find-them-review/', 'rate': '60', 'content': 'Fantastic Beasts is a good movie, and offers a fun and inventive return to Rowling’s wizarding world, but it could have been a better movie if didn’t waste so much time setting up a new franchise.'}",0.68,0.071,0.731,0.197,0.6757
140,936,tt1431045,Deadpool,Deadpool (2016),2016,"{'publisher': 'The Hollywood Reporter', 'author': 'Todd McCarthy', 'link': 'https://www.hollywoodreporter.com/movies/movie-reviews/deadpool-film-review-862293/', 'rate': '80', 'content': ""It takes a little while to get in gear — or perhaps just to adjust to what's going on here — but once it does, Deadpool drops trou to reveal itself as a really raunchy, very dirty and pretty funny goof on the entire superhero ethos, as well as the first Marvel film to irreverently trash the brand.""}",0.88,0.058,0.757,0.185,0.881
141,935,tt1431045,Deadpool,Deadpool (2016),2016,"{'publisher': 'Variety', 'author': 'Justin Chang', 'link': 'https://variety.com/2016/film/reviews/deadpool-review-ryan-reynolds-1201695367/', 'rate': '80', 'content': 'As a vehicle for the impudent comic stylings of Ryan Reynolds, this cheerfully demented origin story is many, many cuts above “Green Lantern,” and as a sly demolition job on the superhero movie, it sure as hell beats “Kick-Ass.”'}",-0.22,0.122,0.772,0.106,-0.2204
142,946,tt1211837,Doctor Strange,Doctor Strange (2016),2016,"{'publisher': 'The Hollywood Reporter', 'author': 'Todd McCarthy', 'link': 'https://www.hollywoodreporter.com/movies/movie-reviews/doctor-strange-review-940709/', 'rate': '80', 'content': 'To his credit, director Scott Derrickson...navigates through the different zones with a fair degree of actual coherence, and delivers the entire package with evident ease and some flair.'}",0.75,0.0,0.829,0.171,0.7506
143,952,tt1211837,Doctor Strange,Doctor Strange (2016),2016,"{'publisher': 'The Playlist', 'author': 'Gregory Ellwood', 'link': 'https://theplaylist.net/doctor-strange-benedict-cumberbatch-visual-wonder-enough-review-20161023/', 'rate': '67', 'content': 'Make no mistake; there is no disputing this is clearly one of Marvel’s better efforts. And, yes, attempting to break from the expected shackles of a lineage of other origin movies is difficult, but you still feel the formula straining at the core of Doctor Strange.'}",-0.59,0.179,0.733,0.088,-0.5859
144,955,tt1386697,Suicide Squad,Suicide Squad (2016),2016,"{'publisher': 'Empire', 'author': 'Dan Jolin', 'link': 'https://www.empireonline.com/movies/reviews/suicide-squad-review/', 'rate': '80', 'content': 'Like Avengers Assemble forced through a Deadpool mangle, Suicide Squad gives new life to DC’s big-screen universe. So bad-to-the-bone it’s good.'}",-0.72,0.203,0.73,0.068,-0.7184
145,963,tt1386697,Suicide Squad,Suicide Squad (2016),2016,"{'publisher': 'ScreenCrush', 'author': 'Matt Singer', 'link': 'https://screencrush.com/suicide-squad-review/', 'rate': '30', 'content': 'From the first scene to the last, it’s an absolute mess.'}",0.0,0.0,1.0,0.0,0.0
